<?xml version="1.0" encoding="UTF-8"?>
<beans xmlns="http://www.springframework.org/schema/beans"
	xmlns:xsi="http://www.w3.org/2001/XMLSchema-instance" xmlns:context="http://www.springframework.org/schema/context"
	xmlns:tx="http://www.springframework.org/schema/tx" xmlns:mvc="http://www.springframework.org/schema/mvc"
	xsi:schemaLocation="
	http://www.springframework.org/schema/beans
	http://www.springframework.org/schema/beans/spring-beans-3.2.xsd
	http://www.springframework.org/schema/context
	http://www.springframework.org/schema/context/spring-context-3.2.xsd
	http://www.springframework.org/schema/mvc
	http://www.springframework.org/schema/mvc/spring-mvc-3.2.xsd
	http://www.springframework.org/schema/tx
	http://www.springframework.org/schema/tx/spring-tx-3.2.xsd">

	<context:component-scan base-package="com.cts.bankmanagement.*"></context:component-scan>
	
	<mvc:annotation-driven />
	<bean id="messageSource"
		class="org.springframework.context.support.ReloadableResourceBundleMessageSource">
	</bean>

	 <bean id="viewResolver"
		class="org.springframework.web.servlet.view.InternalResourceViewResolver">
		<property name="prefix" value="/WEB-INF/jsp/"></property>
		<property name="suffix" value=".jsp"></property>
	</bean>

	<!-- <context:property-placeholder location="classpath:database.properties" 
		/> -->
	<bean class="org.springframework.jdbc.datasource.DriverManagerDataSource"
		id="dataSource">
		<property name="driverClassName" value="com.mysql.jdbc.Driver"></property>
		<property name="url" value="jdbc:mysql://localhost:3306/exam"></property>
		<property name="username" value="root"></property>
		<property name="password" value="root"></property>
	</bean>



	<!--  Hibernate 4 SessionFactory Bean definition-->
	 <bean id="sessionFactory"
		class="org.springframework.orm.hibernate4.LocalSessionFactoryBean">
		<property name="dataSource" ref="dataSource" />
		<property name="packagesToScan">
			<list>
				<value>com.cts.bankmanagement.entity</value>
			</list>
		</property>
		<property name="hibernateProperties">
			<props>
				<prop key="hibernate.dialect">org.hibernate.dialect.MySQL5Dialect
				</prop>
				<prop key="hibernate.show_sql">${hibernate.show.sql}</prop>
				<prop key="hibernate.hbm2ddl.auto">update</prop>
			</props>
		</property>
	</bean>

	<bean class="org.springframework.orm.hibernate4.HibernateTransactionManager"
		id="hibernateTransactionManager">
		<property name="sessionFactory" ref="sessionFactory"></property>
	</bean>

	<tx:annotation-driven transaction-manager="hibernateTransactionManager" /> 

	
</beans>